image_name,strategy,build_success,build_time_sec,error_category,vulns_before_total,vulns_after_total,reduction_pct,new_vulns_introduced,crit_before,high_before,med_before,low_before,crit_after,high_after,med_after,low_after,size_before_mb,size_after_mb,acceptance,base_before,base_after,os_family,notes
adoptopenjdk-11,Scan-Only,True,14.76,,411,411,0.0,0,0,9,265,137,0,9,265,137,83.7,83.7,False,adoptopenjdk:11-jre-hotspot,,ubuntu,
adoptopenjdk-11,Naive-Latest,True,18.97,,411,411,0.0,0,0,9,265,137,0,9,265,137,83.7,239.45,False,adoptopenjdk:11-jre-hotspot,,ubuntu,
adoptopenjdk-11,Copacetic,False,1.11,COPA_FAILURE,411,411,0.0,0,0,9,265,137,0,9,265,137,83.7,0.0,False,adoptopenjdk:11-jre-hotspot,,ubuntu,"Copa error: time=""2026-03-28T03:59:57Z"" level=info msg=""Starting in single image patching mode...""
Patching: linux/amd64 -> docker.io/library/v3-adoptopenjdk-11-o"
adoptopenjdk-11,Docker-Scout,False,0.0,SCOUT_NO_REC,411,411,0.0,0,0,9,265,137,0,9,265,137,83.7,0.0,False,adoptopenjdk:11-jre-hotspot,,ubuntu,No recommendation
adoptopenjdk-11,AutoPatch,True,13.6,,411,8,98.05,8,0,9,265,137,1,3,4,0,83.7,61.36,False,adoptopenjdk:11-jre-hotspot,eclipse-temurin:11-jre-alpine,ubuntu,os=ubuntu
alpine-3.12,Scan-Only,True,3.66,,1,1,0.0,0,1,0,0,0,1,0,0,0,3.38,3.38,False,alpine:3.12,,alpine,
alpine-3.12,Naive-Latest,True,4.24,,1,2,-100.0,2,1,0,0,0,0,1,1,0,3.38,6.11,False,alpine:3.12,,alpine,
alpine-3.12,Copacetic,False,0.23,COPA_FAILURE,1,1,0.0,0,1,0,0,0,1,0,0,0,3.38,0.0,False,alpine:3.12,,alpine,"Copa error: time=""2026-03-28T04:02:02Z"" level=info msg=""Starting in single image patching mode...""
Patching: linux/amd64 -> docker.io/library/v3-alpine-3.12-orig:"
alpine-3.12,Docker-Scout,False,0.0,SCOUT_NO_REC,1,1,0.0,0,1,0,0,0,1,0,0,0,3.38,0.0,False,alpine:3.12,,alpine,No recommendation
alpine-3.12,AutoPatch,True,4.15,,1,0,100.0,0,1,0,0,0,0,0,0,0,3.38,5.71,True,alpine:3.12,alpine:3.21,alpine,os=alpine
alpine-3.16,Scan-Only,True,4.05,,4,4,0.0,0,0,2,2,0,0,2,2,0,4.54,4.54,False,alpine:3.16,,alpine,
alpine-3.16,Naive-Latest,True,3.85,,4,2,50.0,2,0,2,2,0,0,1,1,0,4.54,6.88,True,alpine:3.16,,alpine,
alpine-3.16,Copacetic,False,0.19,COPA_FAILURE,4,4,0.0,0,0,2,2,0,0,2,2,0,4.54,0.0,False,alpine:3.16,,alpine,"Copa error: time=""2026-03-28T04:02:41Z"" level=info msg=""Starting in single image patching mode...""
Patching: linux/amd64 -> docker.io/library/v3-alpine-3.16-orig:"
alpine-3.16,Docker-Scout,False,0.0,SCOUT_NO_REC,4,4,0.0,0,0,2,2,0,0,2,2,0,4.54,0.0,False,alpine:3.16,,alpine,No recommendation
alpine-3.16,AutoPatch,True,4.32,,4,0,100.0,0,0,2,2,0,0,0,0,0,4.54,6.44,True,alpine:3.16,alpine:3.21,alpine,os=alpine
consul-1.14,Scan-Only,True,6.11,,164,164,0.0,0,7,35,111,11,7,35,111,11,69.74,69.74,False,hashicorp/consul:1.14,,alpine,
consul-1.14,Naive-Latest,True,6.53,,164,0,100.0,0,7,35,111,11,0,0,0,0,69.74,79.54,True,hashicorp/consul:1.14,,alpine,
consul-1.14,Copacetic,False,0.3,COPA_FAILURE,164,164,0.0,0,7,35,111,11,7,35,111,11,69.74,0.0,False,hashicorp/consul:1.14,,alpine,"Copa error: time=""2026-03-28T04:03:40Z"" level=info msg=""Starting in single image patching mode...""
Patching: linux/amd64 -> docker.io/library/v3-consul-1.14-orig:"
consul-1.14,Docker-Scout,False,0.0,SCOUT_NO_REC,164,164,0.0,0,7,35,111,11,7,35,111,11,69.74,0.0,False,hashicorp/consul:1.14,,alpine,No recommendation
consul-1.14,AutoPatch,True,0.99,,164,0,100.0,0,7,35,111,11,0,0,0,0,69.74,79.54,True,hashicorp/consul:1.14,hashicorp/consul:latest,alpine,os=alpine
debian-bookworm,Scan-Only,True,19.56,,149,149,0.0,0,1,4,25,117,1,4,25,117,53.77,53.77,False,debian:bookworm,,debian,
debian-bookworm,Naive-Latest,True,20.95,,149,126,15.44,6,1,4,25,117,0,0,14,111,53.77,56.29,True,debian:bookworm,,debian,
debian-bookworm,Copacetic,False,3.56,COPA_RESCAN_FAILED,149,149,0.0,0,1,4,25,117,1,4,25,117,53.77,0.0,False,debian:bookworm,,debian,Copa patched but Trivy re-scan failed — not counted as success
debian-bookworm,Docker-Scout,False,0.0,SCOUT_NO_REC,149,149,0.0,0,1,4,25,117,1,4,25,117,53.77,0.0,False,debian:bookworm,,debian,No recommendation
debian-bookworm,AutoPatch,True,15.66,,149,149,0.0,0,1,4,25,117,1,4,25,117,53.77,32.62,False,debian:bookworm,debian:bookworm-slim,debian,os=debian
debian-bullseye,Scan-Only,True,15.02,,178,178,0.0,0,4,11,36,126,4,11,36,126,55.08,55.08,False,debian:bullseye,,debian,
debian-bullseye,Naive-Latest,True,1.42,,178,126,29.21,7,4,11,36,126,0,0,14,111,55.08,56.29,True,debian:bullseye,,debian,
debian-bullseye,Copacetic,False,3.77,COPA_RESCAN_FAILED,178,178,0.0,0,4,11,36,126,4,11,36,126,55.08,0.0,False,debian:bullseye,,debian,Copa patched but Trivy re-scan failed — not counted as success
debian-bullseye,Docker-Scout,False,0.0,SCOUT_NO_REC,178,178,0.0,0,4,11,36,126,4,11,36,126,55.08,0.0,False,debian:bullseye,,debian,No recommendation
debian-bullseye,AutoPatch,True,0.97,,178,149,16.29,4,4,11,36,126,1,4,25,117,55.08,32.62,True,debian:bullseye,debian:bookworm-slim,debian,os=debian
drupal-10,Scan-Only,True,26.96,,839,839,0.0,0,0,39,162,630,0,39,162,630,194.16,194.16,False,drupal:10,,debian,
drupal-10,Naive-Latest,True,11.38,,839,860,-2.5,15,0,39,162,630,0,43,173,636,194.16,193.64,False,drupal:10,,debian,
drupal-10,Copacetic,False,0.22,COPA_FAILURE,839,839,0.0,0,0,39,162,630,0,39,162,630,194.16,0.0,False,drupal:10,,debian,"Copa error: time=""2026-03-28T04:07:21Z"" level=info msg=""Starting in single image patching mode...""
Patching: linux/amd64 -> docker.io/library/v3-drupal-10-orig:v3"
drupal-10,Docker-Scout,False,0.0,SCOUT_NO_REC,839,839,0.0,0,0,39,162,630,0,39,162,630,194.16,0.0,False,drupal:10,,debian,No recommendation
drupal-10,AutoPatch,True,26.76,,839,1558,-85.7,666,0,39,162,630,3,138,743,657,194.16,190.8,False,drupal:10,drupal:11-php8.3-apache,debian,os=debian
drupal-9,Scan-Only,True,25.21,,5457,5457,0.0,0,28,1232,3430,743,28,1232,3430,743,193.32,193.32,False,drupal:9,,debian,
drupal-9,Naive-Latest,True,1.1,,5457,860,84.24,74,28,1232,3430,743,0,43,173,636,193.32,193.64,True,drupal:9,,debian,
drupal-9,Copacetic,False,0.72,COPA_FAILURE,5457,5457,0.0,0,28,1232,3430,743,28,1232,3430,743,193.32,0.0,False,drupal:9,,debian,"Copa error: time=""2026-03-28T04:08:51Z"" level=info msg=""Starting in single image patching mode...""
Patching: linux/amd64 -> docker.io/library/v3-drupal-9-orig:v3-"
drupal-9,Docker-Scout,False,0.0,SCOUT_NO_REC,5457,5457,0.0,0,28,1232,3430,743,28,1232,3430,743,193.32,0.0,False,drupal:9,,debian,No recommendation
drupal-9,AutoPatch,True,1.02,,5457,1558,71.45,217,28,1232,3430,743,3,138,743,657,193.32,190.8,True,drupal:9,drupal:11-php8.3-apache,debian,os=debian
eclipse-temurin-11,Scan-Only,True,12.34,,29,29,0.0,0,0,0,16,13,0,0,16,13,183.63,183.63,False,eclipse-temurin:11,,ubuntu,
eclipse-temurin-11,Naive-Latest,True,8.66,,29,36,-24.14,3,0,0,16,13,0,0,15,21,183.63,133.13,False,eclipse-temurin:11,,ubuntu,
eclipse-temurin-11,Copacetic,False,20.48,COPA_RESCAN_FAILED,29,29,0.0,0,0,0,16,13,0,0,16,13,183.63,0.0,False,eclipse-temurin:11,,ubuntu,Copa patched but Trivy re-scan failed — not counted as success
eclipse-temurin-11,Docker-Scout,False,0.0,SCOUT_NO_REC,29,29,0.0,0,0,0,16,13,0,0,16,13,183.63,0.0,False,eclipse-temurin:11,,ubuntu,No recommendation
eclipse-temurin-11,AutoPatch,True,8.47,,29,8,72.41,8,0,0,16,13,1,3,4,0,183.63,61.36,False,eclipse-temurin:11,eclipse-temurin:11-jre-alpine,ubuntu,os=ubuntu
eclipse-temurin-17,Scan-Only,True,11.5,,53,53,0.0,0,0,0,24,29,0,0,24,29,189.15,189.15,False,eclipse-temurin:17,,ubuntu,
eclipse-temurin-17,Naive-Latest,True,0.8,,53,36,32.08,0,0,0,24,29,0,0,15,21,189.15,133.13,True,eclipse-temurin:17,,ubuntu,
eclipse-temurin-17,Copacetic,False,13.31,COPA_RESCAN_FAILED,53,53,0.0,0,0,0,24,29,0,0,24,29,189.15,0.0,False,eclipse-temurin:17,,ubuntu,Copa patched but Trivy re-scan failed — not counted as success
eclipse-temurin-17,Docker-Scout,False,0.0,SCOUT_NO_REC,53,53,0.0,0,0,0,24,29,0,0,24,29,189.15,0.0,False,eclipse-temurin:17,,ubuntu,No recommendation
eclipse-temurin-17,AutoPatch,True,5.86,,53,8,84.91,8,0,0,24,29,1,3,4,0,189.15,64.67,False,eclipse-temurin:17,eclipse-temurin:17-jre-alpine,ubuntu,os=ubuntu
eclipse-temurin-21,Scan-Only,True,12.91,,53,53,0.0,0,0,0,24,29,0,0,24,29,200.82,200.82,False,eclipse-temurin:21,,ubuntu,
eclipse-temurin-21,Naive-Latest,True,8.49,,53,36,32.08,0,0,0,24,29,0,0,15,21,200.82,133.13,True,eclipse-temurin:21,,ubuntu,
eclipse-temurin-21,Copacetic,False,12.38,COPA_RESCAN_FAILED,53,53,0.0,0,0,0,24,29,0,0,24,29,200.82,0.0,False,eclipse-temurin:21,,ubuntu,Copa patched but Trivy re-scan failed — not counted as success
eclipse-temurin-21,Docker-Scout,False,0.0,SCOUT_NO_REC,53,53,0.0,0,0,0,24,29,0,0,24,29,200.82,0.0,False,eclipse-temurin:21,,ubuntu,No recommendation
eclipse-temurin-21,AutoPatch,True,5.9,,53,8,84.91,8,0,0,24,29,1,3,4,0,200.82,70.46,False,eclipse-temurin:21,eclipse-temurin:21-jre-alpine,ubuntu,os=ubuntu
elasticsearch-7.17.0,Scan-Only,True,19.77,,827,827,0.0,0,0,40,535,252,0,40,535,252,361.88,361.88,False,docker.elastic.co/elasticsearch/elasticsearch:7.17.0,,ubuntu,
elasticsearch-7.17.0,Naive-Latest,False,0.64,IMAGE_NOT_FOUND,827,0,0.0,0,0,40,535,252,0,0,0,0,361.88,0.0,False,docker.elastic.co/elasticsearch/elasticsearch:7.17.0,,ubuntu,
elasticsearch-7.17.0,Copacetic,False,0.24,COPA_FAILURE,827,827,0.0,0,0,40,535,252,0,40,535,252,361.88,0.0,False,docker.elastic.co/elasticsearch/elasticsearch:7.17.0,,ubuntu,"Copa error: time=""2026-03-28T04:13:31Z"" level=info msg=""Starting in single image patching mode...""
Patching: linux/amd64 -> docker.io/library/v3-elasticsearch-7.1"
elasticsearch-7.17.0,Docker-Scout,False,0.0,SCOUT_NO_REC,827,827,0.0,0,0,40,535,252,0,40,535,252,361.88,0.0,False,docker.elastic.co/elasticsearch/elasticsearch:7.17.0,,ubuntu,No recommendation
elasticsearch-7.17.0,AutoPatch,True,40.61,,827,90,89.12,8,0,40,535,252,3,23,46,18,361.88,667.68,False,docker.elastic.co/elasticsearch/elasticsearch:7.17.0,docker.elastic.co/elasticsearch/elasticsearch:8.17.0,ubuntu,os=ubuntu
ghost-5,Scan-Only,True,41.04,,265,265,0.0,0,7,93,73,91,7,93,73,91,192.42,192.42,False,ghost:5,,debian,
ghost-5,Naive-Latest,True,50.88,,265,227,14.34,4,7,93,73,91,7,67,62,90,192.42,237.1,True,ghost:5,,debian,
ghost-5,Copacetic,False,0.25,COPA_FAILURE,265,265,0.0,0,7,93,73,91,7,93,73,91,192.42,0.0,False,ghost:5,,debian,"Copa error: time=""2026-03-28T04:17:17Z"" level=info msg=""Starting in single image patching mode...""
Patching: linux/amd64 -> docker.io/library/v3-ghost-5-orig:v3-g"
ghost-5,Docker-Scout,False,0.0,SCOUT_NO_REC,265,265,0.0,0,7,93,73,91,7,93,73,91,192.42,0.0,False,ghost:5,,debian,No recommendation
ghost-5,AutoPatch,True,37.75,,265,170,35.85,1,7,93,73,91,6,92,55,17,192.42,168.0,True,ghost:5,ghost:5-alpine,debian,os=debian
gitlab-runner,Scan-Only,True,23.66,,637,637,0.0,0,13,117,394,113,13,117,394,113,489.55,489.55,False,gitlab/gitlab-runner:v15.0.0,,ubuntu,
gitlab-runner,Naive-Latest,True,10.01,,637,67,89.48,29,13,117,394,113,3,6,27,31,489.55,101.68,True,gitlab/gitlab-runner:v15.0.0,,ubuntu,
gitlab-runner,Copacetic,False,0.27,COPA_FAILURE,637,637,0.0,0,13,117,394,113,13,117,394,113,489.55,0.0,False,gitlab/gitlab-runner:v15.0.0,,ubuntu,"Copa error: time=""2026-03-28T04:19:27Z"" level=info msg=""Starting in single image patching mode...""
Patching: linux/amd64 -> docker.io/library/v3-gitlab-runner-ori"
gitlab-runner,Docker-Scout,False,0.0,SCOUT_NO_REC,637,637,0.0,0,13,117,394,113,13,117,394,113,489.55,0.0,False,gitlab/gitlab-runner:v15.0.0,,ubuntu,No recommendation
gitlab-runner,AutoPatch,True,6.02,,637,19,97.02,6,13,117,394,113,4,7,6,2,489.55,64.19,True,gitlab/gitlab-runner:v15.0.0,gitlab/gitlab-runner:alpine,ubuntu,os=ubuntu
golang-1.16,Scan-Only,True,39.25,,9024,9024,0.0,0,141,2394,5459,1003,141,2394,5459,1003,324.72,324.72,False,golang:1.16,,debian,
golang-1.16,Naive-Latest,True,32.08,,9024,913,89.88,104,141,2394,5459,1003,0,67,221,617,324.72,297.64,True,golang:1.16,,debian,
golang-1.16,Copacetic,False,0.99,COPA_FAILURE,9024,9024,0.0,0,141,2394,5459,1003,141,2394,5459,1003,324.72,0.0,False,golang:1.16,,debian,"Copa error: time=""2026-03-28T04:22:19Z"" level=info msg=""Starting in single image patching mode...""
Patching: linux/amd64 -> docker.io/library/v3-golang-1.16-orig:"
golang-1.16,Docker-Scout,False,0.0,SCOUT_NO_REC,9024,9024,0.0,0,141,2394,5459,1003,141,2394,5459,1003,324.72,0.0,False,golang:1.16,,debian,No recommendation
golang-1.16,AutoPatch,True,11.94,,9024,1663,81.57,1,141,2394,5459,1003,77,755,793,38,324.72,103.95,True,golang:1.16,golang:1.16-alpine,debian,os=debian
golang-1.16-alpine,Scan-Only,True,12.12,,1663,1663,0.0,0,77,755,793,38,77,755,793,38,103.95,103.95,False,golang:1.16-alpine,,alpine,
golang-1.16-alpine,Naive-Latest,True,28.92,,1663,913,45.1,395,77,755,793,38,0,67,221,617,103.95,297.64,True,golang:1.16-alpine,,alpine,
golang-1.16-alpine,Copacetic,False,0.29,COPA_FAILURE,1663,1663,0.0,0,77,755,793,38,77,755,793,38,103.95,0.0,False,golang:1.16-alpine,,alpine,"Copa error: time=""2026-03-28T04:24:00Z"" level=info msg=""Starting in single image patching mode...""
Patching: linux/amd64 -> docker.io/library/v3-golang-1.16-alpin"
golang-1.16-alpine,Docker-Scout,False,0.0,SCOUT_NO_REC,1663,1663,0.0,0,77,755,793,38,77,755,793,38,103.95,0.0,False,golang:1.16-alpine,,alpine,No recommendation
golang-1.16-alpine,AutoPatch,True,0.87,,1663,1663,0.0,0,77,755,793,38,77,755,793,38,103.95,103.95,False,golang:1.16-alpine,golang:1.16-alpine,alpine,os=alpine
golang-1.18,Scan-Only,True,30.2,,7240,7240,0.0,0,114,1717,4430,954,114,1717,4430,954,337.24,337.24,False,golang:1.18,,debian,
golang-1.18,Naive-Latest,True,1.13,,7240,913,87.39,104,114,1717,4430,954,0,67,221,617,337.24,297.64,True,golang:1.18,,debian,
golang-1.18,Copacetic,False,0.86,COPA_FAILURE,7240,7240,0.0,0,114,1717,4430,954,114,1717,4430,954,337.24,0.0,False,golang:1.18,,debian,"Copa error: time=""2026-03-28T04:25:02Z"" level=info msg=""Starting in single image patching mode...""
Patching: linux/amd64 -> docker.io/library/v3-golang-1.18-orig:"
golang-1.18,Docker-Scout,False,0.0,SCOUT_NO_REC,7240,7240,0.0,0,114,1717,4430,954,114,1717,4430,954,337.24,0.0,False,golang:1.18,,debian,No recommendation
golang-1.18,AutoPatch,True,12.91,,7240,1268,82.49,18,114,1717,4430,954,78,423,742,25,337.24,113.55,True,golang:1.18,golang:1.18-alpine,debian,os=debian
golang-1.19,Scan-Only,True,31.51,,6859,6859,0.0,0,59,1550,4449,779,59,1550,4449,779,361.56,361.56,False,golang:1.19,,debian,
golang-1.19,Naive-Latest,True,0.93,,6859,913,86.69,74,59,1550,4449,779,0,67,221,617,361.56,297.64,True,golang:1.19,,debian,
golang-1.19,Copacetic,False,0.78,COPA_FAILURE,6859,6859,0.0,0,59,1550,4449,779,59,1550,4449,779,361.56,0.0,False,golang:1.19,,debian,"Copa error: time=""2026-03-28T04:26:35Z"" level=info msg=""Starting in single image patching mode...""
Patching: linux/amd64 -> docker.io/library/v3-golang-1.19-orig:"
golang-1.19,Docker-Scout,False,0.0,SCOUT_NO_REC,6859,6859,0.0,0,59,1550,4449,779,59,1550,4449,779,361.56,0.0,False,golang:1.19,,debian,No recommendation
golang-1.19,AutoPatch,True,13.89,,6859,931,86.43,5,59,1550,4449,779,38,215,655,23,361.56,120.33,True,golang:1.19,golang:1.19-alpine,debian,os=debian
golang-1.19-bullseye,Scan-Only,True,30.21,,6018,6018,0.0,0,68,1318,3699,908,68,1318,3699,908,343.92,343.92,False,golang:1.19-bullseye,,debian,
golang-1.19-bullseye,Naive-Latest,True,0.91,,6018,913,84.83,104,68,1318,3699,908,0,67,221,617,343.92,297.64,True,golang:1.19-bullseye,,debian,
golang-1.19-bullseye,Copacetic,False,0.71,COPA_FAILURE,6018,6018,0.0,0,68,1318,3699,908,68,1318,3699,908,343.92,0.0,False,golang:1.19-bullseye,,debian,"Copa error: time=""2026-03-28T04:28:00Z"" level=info msg=""Starting in single image patching mode...""
Patching: linux/amd64 -> docker.io/library/v3-golang-1.19-bulls"
golang-1.19-bullseye,Docker-Scout,False,0.0,SCOUT_NO_REC,6018,6018,0.0,0,68,1318,3699,908,68,1318,3699,908,343.92,0.0,False,golang:1.19-bullseye,,debian,No recommendation
golang-1.19-bullseye,AutoPatch,True,0.83,,6018,931,84.53,10,68,1318,3699,908,38,215,655,23,343.92,120.33,True,golang:1.19-bullseye,golang:1.19-alpine,debian,os=debian
golang-1.20,Scan-Only,True,29.36,,6064,6064,0.0,0,55,1311,3926,754,55,1311,3926,754,315.28,315.28,False,golang:1.20,,debian,
golang-1.20,Naive-Latest,True,0.87,,6064,913,84.94,74,55,1311,3926,754,0,67,221,617,315.28,297.64,True,golang:1.20,,debian,
golang-1.20,Copacetic,False,0.84,COPA_FAILURE,6064,6064,0.0,0,55,1311,3926,754,55,1311,3926,754,315.28,0.0,False,golang:1.20,,debian,"Copa error: time=""2026-03-28T04:28:59Z"" level=info msg=""Starting in single image patching mode...""
Patching: linux/amd64 -> docker.io/library/v3-golang-1.20-orig:"
golang-1.20,Docker-Scout,False,0.0,SCOUT_NO_REC,6064,6064,0.0,0,55,1311,3926,754,55,1311,3926,754,315.28,0.0,False,golang:1.20,,debian,No recommendation
golang-1.20,AutoPatch,True,11.67,,6064,838,86.18,7,55,1311,3926,754,40,164,605,29,315.28,100.0,True,golang:1.20,golang:1.20-alpine,debian,os=debian
golang-1.21,Scan-Only,True,27.35,,4795,4795,0.0,0,30,1007,2996,744,30,1007,2996,744,283.24,283.24,False,golang:1.21,,debian,
golang-1.21,Naive-Latest,True,31.78,,4795,913,80.96,74,30,1007,2996,744,0,67,221,617,283.24,297.64,True,golang:1.21,,debian,
golang-1.21,Copacetic,False,1.02,COPA_FAILURE,4795,4795,0.0,0,30,1007,2996,744,30,1007,2996,744,283.24,0.0,False,golang:1.21,,debian,"Copa error: time=""2026-03-28T04:31:24Z"" level=info msg=""Starting in single image patching mode...""
Patching: linux/amd64 -> docker.io/library/v3-golang-1.21-orig:"
golang-1.21,Docker-Scout,False,0.0,SCOUT_NO_REC,4795,4795,0.0,0,30,1007,2996,744,30,1007,2996,744,283.24,0.0,False,golang:1.21,,debian,No recommendation
golang-1.21,AutoPatch,True,16.94,,4795,631,86.84,7,30,1007,2996,744,21,143,441,26,283.24,67.64,True,golang:1.21,golang:1.21-alpine,debian,os=debian
haproxy-2.4,Scan-Only,True,5.12,,75,75,0.0,0,0,0,3,72,0,0,3,72,37.02,37.02,False,haproxy:2.4,,debian,
haproxy-2.4,Naive-Latest,True,2.45,,75,75,0.0,0,0,0,3,72,0,0,3,72,37.02,43.75,False,haproxy:2.4,,debian,
haproxy-2.4,Copacetic,False,2.65,COPA_RESCAN_FAILED,75,75,0.0,0,0,0,3,72,0,0,3,72,37.02,0.0,False,haproxy:2.4,,debian,Copa patched but Trivy re-scan failed — not counted as success
haproxy-2.4,Docker-Scout,False,0.0,SCOUT_NO_REC,75,75,0.0,0,0,0,3,72,0,0,3,72,37.02,0.0,False,haproxy:2.4,,debian,No recommendation
haproxy-2.4,AutoPatch,True,2.39,,75,0,100.0,0,0,0,3,72,0,0,0,0,37.02,14.37,True,haproxy:2.4,haproxy:3.1-alpine,debian,os=debian
haproxy-2.6,Scan-Only,True,2.23,,75,75,0.0,0,0,0,3,72,0,0,3,72,37.25,37.25,False,haproxy:2.6,,debian,
haproxy-2.6,Naive-Latest,True,0.75,,75,75,0.0,0,0,0,3,72,0,0,3,72,37.25,43.75,False,haproxy:2.6,,debian,
haproxy-2.6,Copacetic,False,2.84,COPA_RESCAN_FAILED,75,75,0.0,0,0,0,3,72,0,0,3,72,37.25,0.0,False,haproxy:2.6,,debian,Copa patched but Trivy re-scan failed — not counted as success
haproxy-2.6,Docker-Scout,False,0.0,SCOUT_NO_REC,75,75,0.0,0,0,0,3,72,0,0,3,72,37.25,0.0,False,haproxy:2.6,,debian,No recommendation
haproxy-2.6,AutoPatch,True,0.8,,75,0,100.0,0,0,0,3,72,0,0,0,0,37.25,14.37,True,haproxy:2.6,haproxy:3.1-alpine,debian,os=debian
httpd-2.4.46,Scan-Only,True,6.11,,283,283,0.0,0,27,113,111,23,27,113,111,23,51.91,51.91,False,httpd:2.4.46,,debian,
httpd-2.4.46,Naive-Latest,True,2.88,,283,124,56.18,66,27,113,111,23,0,1,15,107,51.91,43.14,True,httpd:2.4.46,,debian,
httpd-2.4.46,Copacetic,False,0.18,COPA_FAILURE,283,283,0.0,0,27,113,111,23,27,113,111,23,51.91,0.0,False,httpd:2.4.46,,debian,"Copa error: time=""2026-03-28T04:32:50Z"" level=info msg=""Starting in single image patching mode...""
Patching: linux/amd64 -> docker.io/library/v3-httpd-2.4.46-orig"
httpd-2.4.46,Docker-Scout,False,0.0,SCOUT_NO_REC,283,283,0.0,0,27,113,111,23,27,113,111,23,51.91,0.0,False,httpd:2.4.46,,debian,No recommendation
httpd-2.4.46,AutoPatch,True,3.61,,283,7,97.53,7,27,113,111,23,1,2,3,1,51.91,19.87,True,httpd:2.4.46,httpd:2.4-alpine,debian,os=debian
httpd-2.4.54,Scan-Only,True,6.62,,384,384,0.0,0,15,79,142,140,15,79,142,140,54.46,54.46,False,httpd:2.4.54,,debian,
httpd-2.4.54,Naive-Latest,True,0.83,,384,124,67.71,6,15,79,142,140,0,1,15,107,54.46,43.14,True,httpd:2.4.54,,debian,
httpd-2.4.54,Copacetic,False,0.21,COPA_FAILURE,384,384,0.0,0,15,79,142,140,15,79,142,140,54.46,0.0,False,httpd:2.4.54,,debian,"Copa error: time=""2026-03-28T04:33:12Z"" level=info msg=""Starting in single image patching mode...""
Patching: linux/amd64 -> docker.io/library/v3-httpd-2.4.54-orig"
httpd-2.4.54,Docker-Scout,False,0.0,SCOUT_NO_REC,384,384,0.0,0,15,79,142,140,15,79,142,140,54.46,0.0,False,httpd:2.4.54,,debian,No recommendation
httpd-2.4.54,AutoPatch,True,0.8,,384,7,98.18,2,15,79,142,140,1,2,3,1,54.46,19.87,True,httpd:2.4.54,httpd:2.4-alpine,debian,os=debian
jenkins-lts,Scan-Only,True,16.34,,182,182,0.0,0,1,11,37,131,1,11,37,131,275.11,275.11,False,jenkins/jenkins:lts,,debian,
jenkins-lts,Naive-Latest,True,16.05,,182,170,6.59,0,1,11,37,131,1,7,30,131,275.11,275.43,True,jenkins/jenkins:lts,,debian,
jenkins-lts,Copacetic,False,0.23,COPA_FAILURE,182,182,0.0,0,1,11,37,131,1,11,37,131,275.11,0.0,False,jenkins/jenkins:lts,,debian,"Copa error: time=""2026-03-28T04:34:37Z"" level=info msg=""Starting in single image patching mode...""
Patching: linux/amd64 -> docker.io/library/v3-jenkins-lts-orig:"
jenkins-lts,Docker-Scout,False,0.0,SCOUT_NO_REC,182,182,0.0,0,1,11,37,131,1,11,37,131,275.11,0.0,False,jenkins/jenkins:lts,,debian,No recommendation
jenkins-lts,AutoPatch,True,8.38,,182,10,94.51,2,1,11,37,131,1,4,5,0,275.11,191.48,True,jenkins/jenkins:lts,jenkins/jenkins:lts-alpine,debian,os=debian
joomla-4,Scan-Only,True,105.21,,2455,2455,0.0,0,38,335,1258,806,38,335,1258,806,249.76,249.76,False,joomla:4,,debian,
joomla-4,Naive-Latest,True,105.38,,2455,1125,54.18,81,38,335,1258,806,0,80,297,739,249.76,265.22,True,joomla:4,,debian,
joomla-4,Copacetic,False,0.35,COPA_FAILURE,2455,2455,0.0,0,38,335,1258,806,38,335,1258,806,249.76,0.0,False,joomla:4,,debian,"Copa error: time=""2026-03-28T04:39:34Z"" level=info msg=""Starting in single image patching mode...""
Patching: linux/amd64 -> docker.io/library/v3-joomla-4-orig:v3-"
joomla-4,Docker-Scout,False,0.0,SCOUT_NO_REC,2455,2455,0.0,0,38,335,1258,806,38,335,1258,806,249.76,0.0,False,joomla:4,,debian,No recommendation
joomla-4,AutoPatch,True,93.03,,2455,1125,54.18,81,38,335,1258,806,0,80,297,739,249.76,262.01,True,joomla:4,joomla:5-php8.3-apache,debian,os=debian
mariadb-10.11,Scan-Only,True,47.49,,54,54,0.0,0,1,5,21,27,1,5,21,27,101.38,101.38,False,mariadb:10.11,,ubuntu,
mariadb-10.11,Naive-Latest,True,27.95,,54,37,31.48,0,1,5,21,27,1,5,20,11,101.38,101.85,True,mariadb:10.11,,ubuntu,
mariadb-10.11,Copacetic,False,6.73,COPA_RESCAN_FAILED,54,54,0.0,0,1,5,21,27,1,5,21,27,101.38,0.0,False,mariadb:10.11,,ubuntu,Copa patched but Trivy re-scan failed — not counted as success
mariadb-10.11,Docker-Scout,False,0.0,SCOUT_NO_REC,54,54,0.0,0,1,5,21,27,1,5,21,27,101.38,0.0,False,mariadb:10.11,,ubuntu,No recommendation
mariadb-10.11,AutoPatch,True,16.19,,54,37,31.48,0,1,5,21,27,1,5,20,11,101.38,101.35,True,mariadb:10.11,mariadb:11,ubuntu,os=ubuntu
mariadb-10.5,Scan-Only,True,47.04,,85,85,0.0,0,4,37,42,2,4,37,42,2,115.43,115.43,False,mariadb:10.5,,ubuntu,
mariadb-10.5,Naive-Latest,True,41.43,,85,37,56.47,10,4,37,42,2,1,5,20,11,115.43,101.85,True,mariadb:10.5,,ubuntu,
mariadb-10.5,Copacetic,False,0.18,COPA_FAILURE,85,85,0.0,0,4,37,42,2,4,37,42,2,115.43,0.0,False,mariadb:10.5,,ubuntu,"Copa error: time=""2026-03-28T04:45:42Z"" level=info msg=""Starting in single image patching mode...""
Patching: linux/amd64 -> docker.io/library/v3-mariadb-10.5-orig"
mariadb-10.5,Docker-Scout,False,0.0,SCOUT_NO_REC,85,85,0.0,0,4,37,42,2,4,37,42,2,115.43,0.0,False,mariadb:10.5,,ubuntu,No recommendation
mariadb-10.5,AutoPatch,True,26.66,,85,37,56.47,10,4,37,42,2,1,5,20,11,115.43,101.35,True,mariadb:10.5,mariadb:11,ubuntu,os=ubuntu
multistage-go,Scan-Only,True,121.03,,62,62,0.0,0,4,21,36,1,4,21,36,1,10.41,10.41,False,golang:1.18,,alpine,
multistage-go,Naive-Latest,True,117.08,,62,2,96.77,2,4,21,36,1,0,1,1,0,10.41,9.58,True,golang:1.18,,alpine,
multistage-go,Copacetic,False,1.12,COPA_RESCAN_FAILED,62,62,0.0,0,4,21,36,1,4,21,36,1,10.41,0.0,False,golang:1.18,,alpine,Copa patched but Trivy re-scan failed — not counted as success
multistage-go,Docker-Scout,False,0.0,SCOUT_NO_REC,62,62,0.0,0,4,21,36,1,4,21,36,1,10.41,0.0,False,golang:1.18,,alpine,No recommendation
multistage-go,AutoPatch,True,46.52,,62,62,0.0,0,4,21,36,1,4,21,36,1,10.41,11.18,False,golang:1.18,golang:1.18-alpine,alpine,os=alpine
multistage-node,Scan-Only,True,146.66,,128,128,0.0,0,2,54,52,18,2,54,52,18,62.16,62.16,False,node:16,,debian,
multistage-node,Naive-Latest,True,139.41,,128,2116,-1553.12,1025,2,54,52,18,33,236,852,983,62.16,388.51,False,node:16,,debian,
multistage-node,Copacetic,False,0.19,COPA_FAILURE,128,128,0.0,0,2,54,52,18,2,54,52,18,62.16,0.0,False,node:16,,debian,"Copa error: time=""2026-03-28T05:05:05Z"" level=info msg=""Starting in single image patching mode...""
Patching: linux/amd64 -> docker.io/library/v3-multistage-node-o"
multistage-node,Docker-Scout,False,0.0,SCOUT_NO_REC,128,128,0.0,0,2,54,52,18,2,54,52,18,62.16,0.0,False,node:16,,debian,No recommendation
multistage-node,AutoPatch,True,16.98,,128,62,51.56,17,2,54,52,18,0,23,29,10,62.16,40.42,True,node:16,node:16-alpine,debian,os=debian
multistage-python,Scan-Only,True,150.22,,217,217,0.0,0,5,27,78,106,5,27,78,106,49.97,49.97,False,python:3.8,,debian,
multistage-python,Naive-Latest,False,97.02,IMAGE_NOT_FOUND,217,0,0.0,0,5,27,78,106,0,0,0,0,49.97,0.0,False,python:3.8,,debian,
multistage-python,Copacetic,False,0.2,COPA_FAILURE,217,217,0.0,0,5,27,78,106,5,27,78,106,49.97,0.0,False,python:3.8,,debian,"Copa error: time=""2026-03-28T05:09:41Z"" level=info msg=""Starting in single image patching mode...""
Patching: linux/amd64 -> docker.io/library/v3-multistage-python"
multistage-python,Docker-Scout,False,0.0,SCOUT_NO_REC,217,217,0.0,0,5,27,78,106,5,27,78,106,49.97,0.0,False,python:3.8,,debian,No recommendation
multistage-python,AutoPatch,True,13.65,,217,63,70.97,9,5,27,78,106,4,17,32,10,49.97,19.86,True,python:3.8,python:3.8-alpine,debian,os=debian
mysql-5.7,Scan-Only,True,61.54,,155,155,0.0,0,4,75,66,10,4,75,66,10,131.52,131.52,False,mysql:5.7,,rhel,
mysql-5.7,Naive-Latest,True,110.31,,155,25,83.87,1,4,75,66,10,1,7,14,3,131.52,254.03,True,mysql:5.7,,rhel,
mysql-5.7,Copacetic,False,0.19,COPA_FAILURE,155,155,0.0,0,4,75,66,10,4,75,66,10,131.52,0.0,False,mysql:5.7,,rhel,"Copa error: time=""2026-03-28T05:13:49Z"" level=info msg=""Starting in single image patching mode...""
Patching: linux/amd64 -> docker.io/library/v3-mysql-5.7-orig:v3"
mysql-5.7,Docker-Scout,False,0.0,SCOUT_NO_REC,155,155,0.0,0,4,75,66,10,4,75,66,10,131.52,0.0,False,mysql:5.7,,rhel,No recommendation
mysql-5.7,AutoPatch,True,61.75,,155,25,83.87,1,4,75,66,10,1,7,14,3,131.52,222.42,True,mysql:5.7,mysql:8.4,rhel,os=rhel
mysql-8.0,Scan-Only,True,74.97,,25,25,0.0,0,1,7,14,3,1,7,14,3,221.54,221.54,False,mysql:8.0,,rhel,
mysql-8.0,Naive-Latest,True,0.88,,25,25,0.0,0,1,7,14,3,1,7,14,3,221.54,254.03,False,mysql:8.0,,rhel,
mysql-8.0,Copacetic,False,14.86,COPA_RESCAN_FAILED,25,25,0.0,0,1,7,14,3,1,7,14,3,221.54,0.0,False,mysql:8.0,,rhel,Copa patched but Trivy re-scan failed — not counted as success
mysql-8.0,Docker-Scout,False,0.0,SCOUT_NO_REC,25,25,0.0,0,1,7,14,3,1,7,14,3,221.54,0.0,False,mysql:8.0,,rhel,No recommendation
mysql-8.0,AutoPatch,True,0.85,,25,25,0.0,0,1,7,14,3,1,7,14,3,221.54,222.42,False,mysql:8.0,mysql:8.4,rhel,os=rhel
nextcloud-25,Scan-Only,True,130.44,,5707,5707,0.0,0,94,1315,3193,1073,94,1315,3193,1073,354.33,354.33,False,nextcloud:25,,debian,
nextcloud-25,Naive-Latest,True,185.99,,5707,1148,79.88,108,94,1315,3193,1073,0,94,290,755,354.33,507.27,True,nextcloud:25,,debian,
nextcloud-25,Copacetic,False,1.07,COPA_FAILURE,5707,5707,0.0,0,94,1315,3193,1073,94,1315,3193,1073,354.33,0.0,False,nextcloud:25,,debian,"Copa error: time=""2026-03-28T05:24:27Z"" level=info msg=""Starting in single image patching mode...""
Patching: linux/amd64 -> docker.io/library/v3-nextcloud-25-orig"
nextcloud-25,Docker-Scout,False,0.0,SCOUT_NO_REC,5707,5707,0.0,0,94,1315,3193,1073,94,1315,3193,1073,354.33,0.0,False,nextcloud:25,,debian,No recommendation
nextcloud-25,AutoPatch,True,155.63,,5707,3080,46.03,500,94,1315,3193,1073,64,580,1599,817,354.33,428.79,True,nextcloud:25,nextcloud:29-apache,debian,os=debian
nextcloud-27,Scan-Only,True,156.77,,4731,4731,0.0,0,71,1044,2719,871,71,1044,2719,871,407.78,407.78,False,nextcloud:27,,debian,
nextcloud-27,Naive-Latest,True,1.07,,4731,1148,75.73,78,71,1044,2719,871,0,94,290,755,407.78,507.27,True,nextcloud:27,,debian,
nextcloud-27,Copacetic,False,0.57,COPA_FAILURE,4731,4731,0.0,0,71,1044,2719,871,71,1044,2719,871,407.78,0.0,False,nextcloud:27,,debian,"Copa error: time=""2026-03-28T05:31:12Z"" level=info msg=""Starting in single image patching mode...""
Patching: linux/amd64 -> docker.io/library/v3-nextcloud-27-orig"
nextcloud-27,Docker-Scout,False,0.0,SCOUT_NO_REC,4731,4731,0.0,0,71,1044,2719,871,71,1044,2719,871,407.78,0.0,False,nextcloud:27,,debian,No recommendation
nextcloud-27,AutoPatch,True,0.91,,4731,3080,34.9,0,71,1044,2719,871,64,580,1599,817,407.78,428.79,True,nextcloud:27,nextcloud:29-apache,debian,os=debian
vault-1.12,Scan-Only,True,7.18,,164,164,0.0,0,8,66,82,8,8,66,82,8,81.68,81.68,False,hashicorp/vault:1.12.0,,alpine,
vault-1.12,Naive-Latest,True,41.67,,164,7,95.73,2,8,66,82,8,1,3,2,1,81.68,172.46,True,hashicorp/vault:1.12.0,,alpine,
vault-1.12,Copacetic,False,0.17,COPA_FAILURE,164,164,0.0,0,8,66,82,8,8,66,82,8,81.68,0.0,False,hashicorp/vault:1.12.0,,alpine,"Copa error: time=""2026-03-28T05:35:25Z"" level=info msg=""Starting in single image patching mode...""
Patching: linux/amd64 -> docker.io/library/v3-vault-1.12-orig:v"
vault-1.12,Docker-Scout,False,0.0,SCOUT_NO_REC,164,164,0.0,0,8,66,82,8,8,66,82,8,81.68,0.0,False,hashicorp/vault:1.12.0,,alpine,No recommendation
vault-1.12,AutoPatch,True,0.78,,164,7,95.73,2,8,66,82,8,1,3,2,1,81.68,172.46,True,hashicorp/vault:1.12.0,hashicorp/vault:latest,alpine,os=alpine
vault-1.14,Scan-Only,True,31.93,,119,119,0.0,0,5,37,71,6,5,37,71,6,97.75,97.75,False,hashicorp/vault:1.14.0,,alpine,
vault-1.14,Naive-Latest,True,52.49,,119,7,94.12,2,5,37,71,6,1,3,2,1,97.75,172.46,True,hashicorp/vault:1.14.0,,alpine,
vault-1.14,Copacetic,False,0.24,COPA_FAILURE,119,119,0.0,0,5,37,71,6,5,37,71,6,97.75,0.0,False,hashicorp/vault:1.14.0,,alpine,"Copa error: time=""2026-03-28T05:37:14Z"" level=info msg=""Starting in single image patching mode...""
Patching: linux/amd64 -> docker.io/library/v3-vault-1.14-orig:v"
vault-1.14,Docker-Scout,False,0.0,SCOUT_NO_REC,119,119,0.0,0,5,37,71,6,5,37,71,6,97.75,0.0,False,hashicorp/vault:1.14.0,,alpine,No recommendation
vault-1.14,AutoPatch,True,0.84,,119,7,94.12,2,5,37,71,6,1,3,2,1,97.75,172.46,True,hashicorp/vault:1.14.0,hashicorp/vault:latest,alpine,os=alpine
alpine-3.14,Scan-Only,True,4.98,,0,0,0.0,0,0,0,0,0,0,0,0,0,4.63,4.63,False,alpine:3.14,,alpine,
alpine-3.14,Naive-Latest,True,12.86,,0,2,-100.0,2,0,0,0,0,0,1,1,0,4.63,6.63,False,alpine:3.14,,alpine,
alpine-3.14,AutoPatch,True,4.83,,0,0,0.0,0,0,0,0,0,0,0,0,0,4.63,6.2,False,alpine:3.14,alpine:3.21,alpine,os=alpine
alpine-3.18,Scan-Only,True,4.8,,0,0,0.0,0,0,0,0,0,0,0,0,0,8.48,8.48,False,alpine:3.18,,alpine,
alpine-3.18,Naive-Latest,True,3.88,,0,2,-100.0,2,0,0,0,0,0,1,1,0,8.48,9.9,False,alpine:3.18,,alpine,
alpine-3.18,AutoPatch,True,4.83,,0,0,0.0,0,0,0,0,0,0,0,0,0,8.48,9.4,False,alpine:3.18,alpine:3.21,alpine,os=alpine
almalinux-8,Scan-Only,True,35.21,,18,18,0.0,0,0,0,18,0,0,0,18,0,72.38,72.38,False,almalinux:8,,alma,
almalinux-8,Naive-Latest,True,16.01,,18,18,0.0,5,0,0,18,0,0,0,18,0,72.38,67.13,False,almalinux:8,,alma,
almalinux-8,Copacetic,False,0.45,COPA_FAILURE,18,18,0.0,0,0,0,18,0,0,0,18,0,72.38,0.0,False,almalinux:8,,alma,"Copa error: time=""2026-03-28T06:21:26Z"" level=info msg=""Starting in single image patching mode...""
Patching: linux/amd64 -> docker.io/library/v3-almalinux-8-orig:"
almalinux-8,Docker-Scout,False,0.0,SCOUT_NO_REC,18,18,0.0,0,0,0,18,0,0,0,18,0,72.38,0.0,False,almalinux:8,,alma,No recommendation
almalinux-8,AutoPatch,False,4.58,IMAGE_NOT_FOUND,18,0,0.0,0,0,0,18,0,0,0,0,0,72.38,0.0,False,almalinux:8,almalinux:9-minimal,alma,os=alma
almalinux-9,Scan-Only,False,0.0,RATE_LIMITED,0,0,0.0,0,0,0,0,0,0,0,0,0,0.0,0.0,False,almalinux:9,,,Original build failed: RATE_LIMITED
almalinux-9,Naive-Latest,False,0.0,RATE_LIMITED,0,0,0.0,0,0,0,0,0,0,0,0,0,0.0,0.0,False,almalinux:9,,,Original build failed: RATE_LIMITED
almalinux-9,Copacetic,False,0.0,RATE_LIMITED,0,0,0.0,0,0,0,0,0,0,0,0,0,0.0,0.0,False,almalinux:9,,,Original build failed: RATE_LIMITED
almalinux-9,Docker-Scout,False,0.0,RATE_LIMITED,0,0,0.0,0,0,0,0,0,0,0,0,0,0.0,0.0,False,almalinux:9,,,Original build failed: RATE_LIMITED
almalinux-9,AutoPatch,False,0.0,RATE_LIMITED,0,0,0.0,0,0,0,0,0,0,0,0,0,0.0,0.0,False,almalinux:9,,,Original build failed: RATE_LIMITED
alpine-3.14,Copacetic,False,0.8,COPA_RESCAN_FAILED,0,0,0.0,0,0,0,0,0,0,0,0,0,4.63,0.0,False,alpine:3.14,,alpine,Copa patched but Trivy re-scan failed — not counted as success
alpine-3.14,Docker-Scout,False,0.0,SCOUT_NO_REC,0,0,0.0,0,0,0,0,0,0,0,0,0,4.63,0.0,False,alpine:3.14,,alpine,No recommendation
alpine-3.18,Copacetic,False,0.98,COPA_RESCAN_FAILED,0,0,0.0,0,0,0,0,0,0,0,0,0,8.48,0.0,False,alpine:3.18,,alpine,Copa patched but Trivy re-scan failed — not counted as success
alpine-3.18,Docker-Scout,False,0.0,SCOUT_NO_REC,0,0,0.0,0,0,0,0,0,0,0,0,0,8.48,0.0,False,alpine:3.18,,alpine,No recommendation
caddy-2.4,Scan-Only,False,0.0,IMAGE_NOT_FOUND,0,0,0.0,0,0,0,0,0,0,0,0,0,0.0,0.0,False,caddy:2.4,,,Original build failed: IMAGE_NOT_FOUND
caddy-2.4,Naive-Latest,False,0.0,IMAGE_NOT_FOUND,0,0,0.0,0,0,0,0,0,0,0,0,0,0.0,0.0,False,caddy:2.4,,,Original build failed: IMAGE_NOT_FOUND
caddy-2.4,Copacetic,False,0.0,IMAGE_NOT_FOUND,0,0,0.0,0,0,0,0,0,0,0,0,0,0.0,0.0,False,caddy:2.4,,,Original build failed: IMAGE_NOT_FOUND
caddy-2.4,Docker-Scout,False,0.0,IMAGE_NOT_FOUND,0,0,0.0,0,0,0,0,0,0,0,0,0,0.0,0.0,False,caddy:2.4,,,Original build failed: IMAGE_NOT_FOUND
caddy-2.4,AutoPatch,False,0.0,IMAGE_NOT_FOUND,0,0,0.0,0,0,0,0,0,0,0,0,0,0.0,0.0,False,caddy:2.4,,,Original build failed: IMAGE_NOT_FOUND
centos-7,Scan-Only,False,0.0,NETWORK,0,0,0.0,0,0,0,0,0,0,0,0,0,0.0,0.0,False,centos:7,,,Original build failed: NETWORK
centos-7,Naive-Latest,False,0.0,NETWORK,0,0,0.0,0,0,0,0,0,0,0,0,0,0.0,0.0,False,centos:7,,,Original build failed: NETWORK
centos-7,Copacetic,False,0.0,NETWORK,0,0,0.0,0,0,0,0,0,0,0,0,0,0.0,0.0,False,centos:7,,,Original build failed: NETWORK
centos-7,Docker-Scout,False,0.0,NETWORK,0,0,0.0,0,0,0,0,0,0,0,0,0,0.0,0.0,False,centos:7,,,Original build failed: NETWORK
centos-7,AutoPatch,False,0.0,NETWORK,0,0,0.0,0,0,0,0,0,0,0,0,0,0.0,0.0,False,centos:7,,,Original build failed: NETWORK
debian-buster,Scan-Only,False,0.0,IMAGE_NOT_FOUND,0,0,0.0,0,0,0,0,0,0,0,0,0,0.0,0.0,False,debian:buster,,,Original build failed: IMAGE_NOT_FOUND
debian-buster,Naive-Latest,False,0.0,IMAGE_NOT_FOUND,0,0,0.0,0,0,0,0,0,0,0,0,0,0.0,0.0,False,debian:buster,,,Original build failed: IMAGE_NOT_FOUND
debian-buster,Copacetic,False,0.0,IMAGE_NOT_FOUND,0,0,0.0,0,0,0,0,0,0,0,0,0,0.0,0.0,False,debian:buster,,,Original build failed: IMAGE_NOT_FOUND
debian-buster,Docker-Scout,False,0.0,IMAGE_NOT_FOUND,0,0,0.0,0,0,0,0,0,0,0,0,0,0.0,0.0,False,debian:buster,,,Original build failed: IMAGE_NOT_FOUND
debian-buster,AutoPatch,False,0.0,IMAGE_NOT_FOUND,0,0,0.0,0,0,0,0,0,0,0,0,0,0.0,0.0,False,debian:buster,,,Original build failed: IMAGE_NOT_FOUND
debian-stretch,Scan-Only,False,0.0,IMAGE_NOT_FOUND,0,0,0.0,0,0,0,0,0,0,0,0,0,0.0,0.0,False,debian:stretch,,,Original build failed: IMAGE_NOT_FOUND
debian-stretch,Naive-Latest,False,0.0,IMAGE_NOT_FOUND,0,0,0.0,0,0,0,0,0,0,0,0,0,0.0,0.0,False,debian:stretch,,,Original build failed: IMAGE_NOT_FOUND
debian-stretch,Copacetic,False,0.0,IMAGE_NOT_FOUND,0,0,0.0,0,0,0,0,0,0,0,0,0,0.0,0.0,False,debian:stretch,,,Original build failed: IMAGE_NOT_FOUND
debian-stretch,Docker-Scout,False,0.0,IMAGE_NOT_FOUND,0,0,0.0,0,0,0,0,0,0,0,0,0,0.0,0.0,False,debian:stretch,,,Original build failed: IMAGE_NOT_FOUND
debian-stretch,AutoPatch,False,0.0,IMAGE_NOT_FOUND,0,0,0.0,0,0,0,0,0,0,0,0,0,0.0,0.0,False,debian:stretch,,,Original build failed: IMAGE_NOT_FOUND
distroless-base,Scan-Only,True,2.91,,51,51,0.0,0,0,6,28,13,0,6,28,13,9.43,9.43,False,gcr.io/distroless/base-debian11,,distroless,
distroless-base,Naive-Latest,True,0.81,,51,51,0.0,0,0,6,28,13,0,6,28,13,9.43,9.43,False,gcr.io/distroless/base-debian11,,distroless,
distroless-base,Copacetic,False,0.17,COPA_FAILURE,51,51,0.0,0,0,6,28,13,0,6,28,13,9.43,0.0,False,gcr.io/distroless/base-debian11,,distroless,"Copa error: time=""2026-03-28T06:24:22Z"" level=info msg=""Starting in single image patching mode...""
Patching: linux/amd64 -> docker.io/library/v3-distroless-base-o"
distroless-base,Docker-Scout,False,0.0,SCOUT_NO_REC,51,51,0.0,0,0,6,28,13,0,6,28,13,9.43,0.0,False,gcr.io/distroless/base-debian11,,distroless,No recommendation
distroless-base,AutoPatch,True,2.34,,51,0,100.0,0,0,6,28,13,0,0,0,0,9.43,0.67,True,gcr.io/distroless/base-debian11,gcr.io/distroless/static-debian12:nonroot,distroless,os=distroless
distroless-java,Scan-Only,True,7.9,,97,97,0.0,0,4,22,31,36,4,22,31,36,88.96,88.96,False,gcr.io/distroless/java17-debian11,,distroless,
distroless-java,Naive-Latest,True,1.09,,97,97,0.0,0,4,22,31,36,4,22,31,36,88.96,88.96,False,gcr.io/distroless/java17-debian11,,distroless,
distroless-java,Copacetic,False,0.22,COPA_FAILURE,97,97,0.0,0,4,22,31,36,4,22,31,36,88.96,0.0,False,gcr.io/distroless/java17-debian11,,distroless,"Copa error: time=""2026-03-28T06:24:46Z"" level=info msg=""Starting in single image patching mode...""
Patching: linux/amd64 -> docker.io/library/v3-distroless-java-o"
distroless-java,Docker-Scout,False,0.0,SCOUT_NO_REC,97,97,0.0,0,4,22,31,36,4,22,31,36,88.96,0.0,False,gcr.io/distroless/java17-debian11,,distroless,No recommendation
distroless-java,AutoPatch,True,4.86,,97,0,100.0,0,4,22,31,36,0,0,0,0,88.96,0.67,True,gcr.io/distroless/java17-debian11,gcr.io/distroless/static-debian12:nonroot,distroless,os=distroless
jenkins-2.164,Scan-Only,False,0.0,IMAGE_NOT_FOUND,0,0,0.0,0,0,0,0,0,0,0,0,0,0.0,0.0,False,jenkins/jenkins:2.164.1-lts,,,Original build failed: IMAGE_NOT_FOUND
jenkins-2.164,Naive-Latest,False,0.0,IMAGE_NOT_FOUND,0,0,0.0,0,0,0,0,0,0,0,0,0,0.0,0.0,False,jenkins/jenkins:2.164.1-lts,,,Original build failed: IMAGE_NOT_FOUND
jenkins-2.164,Copacetic,False,0.0,IMAGE_NOT_FOUND,0,0,0.0,0,0,0,0,0,0,0,0,0,0.0,0.0,False,jenkins/jenkins:2.164.1-lts,,,Original build failed: IMAGE_NOT_FOUND
jenkins-2.164,Docker-Scout,False,0.0,IMAGE_NOT_FOUND,0,0,0.0,0,0,0,0,0,0,0,0,0,0.0,0.0,False,jenkins/jenkins:2.164.1-lts,,,Original build failed: IMAGE_NOT_FOUND
jenkins-2.164,AutoPatch,False,0.0,IMAGE_NOT_FOUND,0,0,0.0,0,0,0,0,0,0,0,0,0,0.0,0.0,False,jenkins/jenkins:2.164.1-lts,,,Original build failed: IMAGE_NOT_FOUND
kafka-old,Scan-Only,False,0.0,IMAGE_NOT_FOUND,0,0,0.0,0,0,0,0,0,0,0,0,0,0.0,0.0,False,bitnami/kafka:3.3,,,Original build failed: IMAGE_NOT_FOUND
kafka-old,Naive-Latest,False,0.0,IMAGE_NOT_FOUND,0,0,0.0,0,0,0,0,0,0,0,0,0,0.0,0.0,False,bitnami/kafka:3.3,,,Original build failed: IMAGE_NOT_FOUND
kafka-old,Copacetic,False,0.0,IMAGE_NOT_FOUND,0,0,0.0,0,0,0,0,0,0,0,0,0,0.0,0.0,False,bitnami/kafka:3.3,,,Original build failed: IMAGE_NOT_FOUND
kafka-old,Docker-Scout,False,0.0,IMAGE_NOT_FOUND,0,0,0.0,0,0,0,0,0,0,0,0,0,0.0,0.0,False,bitnami/kafka:3.3,,,Original build failed: IMAGE_NOT_FOUND
kafka-old,AutoPatch,False,0.0,IMAGE_NOT_FOUND,0,0,0.0,0,0,0,0,0,0,0,0,0,0.0,0.0,False,bitnami/kafka:3.3,,,Original build failed: IMAGE_NOT_FOUND
mongo-4.4,Scan-Only,True,10.03,,302,302,0.0,0,17,69,207,9,17,69,207,9,158.46,158.46,False,mongo:4.4,,ubuntu,
mongo-4.4,Naive-Latest,True,23.55,,302,55,81.79,7,17,69,207,9,1,13,27,14,158.46,322.18,False,mongo:4.4,,ubuntu,
mongo-4.4,Copacetic,False,0.39,COPA_FAILURE,302,302,0.0,0,17,69,207,9,17,69,207,9,158.46,0.0,False,mongo:4.4,,ubuntu,"Copa error: time=""2026-03-28T06:42:22Z"" level=info msg=""Starting in single image patching mode...""
Patching: linux/amd64 -> docker.io/library/v3-mongo-4.4-orig:v3"
mongo-4.4,Docker-Scout,False,0.0,SCOUT_NO_REC,302,302,0.0,0,17,69,207,9,17,69,207,9,158.46,0.0,False,mongo:4.4,,ubuntu,No recommendation
mongo-4.4,AutoPatch,True,20.97,,302,70,76.82,14,17,69,207,9,1,13,27,29,158.46,280.21,True,mongo:4.4,mongo:7,ubuntu,os=ubuntu
mongo-5.0,Scan-Only,True,22.96,,230,230,0.0,0,9,61,151,9,9,61,151,9,273.96,273.96,False,mongo:5.0,,ubuntu,
mongo-5.0,Naive-Latest,True,1.01,,230,55,76.09,7,9,61,151,9,1,13,27,14,273.96,322.18,False,mongo:5.0,,ubuntu,
mongo-5.0,Copacetic,False,0.23,COPA_FAILURE,230,230,0.0,0,9,61,151,9,9,61,151,9,273.96,0.0,False,mongo:5.0,,ubuntu,"Copa error: time=""2026-03-28T06:44:35Z"" level=info msg=""Starting in single image patching mode...""
Patching: linux/amd64 -> docker.io/library/v3-mongo-5.0-orig:v3"
mongo-5.0,Docker-Scout,False,0.0,SCOUT_NO_REC,230,230,0.0,0,9,61,151,9,9,61,151,9,273.96,0.0,False,mongo:5.0,,ubuntu,No recommendation
mongo-5.0,AutoPatch,True,0.85,,230,70,69.57,14,9,61,151,9,1,13,27,29,273.96,280.21,True,mongo:5.0,mongo:7,ubuntu,os=ubuntu
mongo-6.0,Scan-Only,True,82.52,,296,296,0.0,0,9,62,172,53,9,62,172,53,257.6,257.6,False,mongo:6.0,,ubuntu,
mongo-6.0,Naive-Latest,True,1.12,,296,55,81.42,0,9,62,172,53,1,13,27,14,257.6,322.18,False,mongo:6.0,,ubuntu,
mongo-6.0,Copacetic,False,0.19,COPA_FAILURE,296,296,0.0,0,9,62,172,53,9,62,172,53,257.6,0.0,False,mongo:6.0,,ubuntu,"Copa error: time=""2026-03-28T06:47:53Z"" level=info msg=""Starting in single image patching mode...""
Patching: linux/amd64 -> docker.io/library/v3-mongo-6.0-orig:v3"
mongo-6.0,Docker-Scout,False,0.0,SCOUT_NO_REC,296,296,0.0,0,9,62,172,53,9,62,172,53,257.6,0.0,False,mongo:6.0,,ubuntu,No recommendation
mongo-6.0,AutoPatch,True,0.81,,296,70,76.35,0,9,62,172,53,1,13,27,29,257.6,280.21,True,mongo:6.0,mongo:7,ubuntu,os=ubuntu
multistage-java,Scan-Only,False,0.0,IMAGE_NOT_FOUND,0,0,0.0,0,0,0,0,0,0,0,0,0,0.0,0.0,False,maven:3.8-openjdk-11,,,Original build failed: IMAGE_NOT_FOUND
multistage-java,Naive-Latest,False,0.0,IMAGE_NOT_FOUND,0,0,0.0,0,0,0,0,0,0,0,0,0,0.0,0.0,False,maven:3.8-openjdk-11,,,Original build failed: IMAGE_NOT_FOUND
multistage-java,Copacetic,False,0.0,IMAGE_NOT_FOUND,0,0,0.0,0,0,0,0,0,0,0,0,0,0.0,0.0,False,maven:3.8-openjdk-11,,,Original build failed: IMAGE_NOT_FOUND
multistage-java,Docker-Scout,False,0.0,IMAGE_NOT_FOUND,0,0,0.0,0,0,0,0,0,0,0,0,0,0.0,0.0,False,maven:3.8-openjdk-11,,,Original build failed: IMAGE_NOT_FOUND
multistage-java,AutoPatch,False,0.0,IMAGE_NOT_FOUND,0,0,0.0,0,0,0,0,0,0,0,0,0,0.0,0.0,False,maven:3.8-openjdk-11,,,Original build failed: IMAGE_NOT_FOUND
nginx-1.10,Scan-Only,True,10.56,,423,423,0.0,0,54,150,145,52,54,150,145,52,68.1,68.1,False,nginx:1.10,,debian,
nginx-1.10,Naive-Latest,True,19.57,,423,155,63.36,87,54,150,145,52,0,4,23,126,68.1,60.03,False,nginx:1.10,,debian,
nginx-1.10,Copacetic,False,0.32,COPA_FAILURE,423,423,0.0,0,54,150,145,52,54,150,145,52,68.1,0.0,False,nginx:1.10,,debian,"Copa error: time=""2026-03-28T07:08:13Z"" level=info msg=""Starting in single image patching mode...""
Patching: linux/amd64 -> docker.io/library/v3-nginx-1.10-orig:v"
nginx-1.10,Docker-Scout,False,0.0,SCOUT_NO_REC,423,423,0.0,0,54,150,145,52,54,150,145,52,68.1,0.0,False,nginx:1.10,,debian,No recommendation
nginx-1.10,AutoPatch,True,5.64,,423,2,99.53,2,54,150,145,52,0,1,1,0,68.1,24.76,True,nginx:1.10,nginx:stable-alpine,debian,os=debian
nginx-1.18,Scan-Only,True,19.78,,424,424,0.0,0,42,149,193,31,42,149,193,31,51.14,51.14,False,nginx:1.18,,debian,
nginx-1.18,Naive-Latest,True,0.94,,424,155,63.44,86,42,149,193,31,0,4,23,126,51.14,60.03,False,nginx:1.18,,debian,
nginx-1.18,Copacetic,False,0.27,COPA_FAILURE,424,424,0.0,0,42,149,193,31,42,149,193,31,51.14,0.0,False,nginx:1.18,,debian,"Copa error: time=""2026-03-28T07:09:29Z"" level=info msg=""Starting in single image patching mode...""
Patching: linux/amd64 -> docker.io/library/v3-nginx-1.18-orig:v"
nginx-1.18,Docker-Scout,False,0.0,SCOUT_NO_REC,424,424,0.0,0,42,149,193,31,42,149,193,31,51.14,0.0,False,nginx:1.18,,debian,No recommendation
nginx-1.18,AutoPatch,True,0.98,,424,2,99.53,2,42,149,193,31,0,1,1,0,51.14,24.76,True,nginx:1.18,nginx:stable-alpine,debian,os=debian
nginx-1.18-alpine,Scan-Only,True,3.09,,51,51,0.0,0,6,29,12,4,6,29,12,4,9.06,9.06,False,nginx:1.18-alpine,,alpine,
nginx-1.18-alpine,Naive-Latest,True,0.88,,51,155,-203.92,87,6,29,12,4,0,4,23,126,9.06,60.03,False,nginx:1.18-alpine,,alpine,
nginx-1.18-alpine,Copacetic,False,0.17,COPA_FAILURE,51,51,0.0,0,6,29,12,4,6,29,12,4,9.06,0.0,False,nginx:1.18-alpine,,alpine,"Copa error: time=""2026-03-28T07:09:58Z"" level=info msg=""Starting in single image patching mode...""
Patching: linux/amd64 -> docker.io/library/v3-nginx-1.18-alpine"
nginx-1.18-alpine,Docker-Scout,False,0.0,SCOUT_NO_REC,51,51,0.0,0,6,29,12,4,6,29,12,4,9.06,0.0,False,nginx:1.18-alpine,,alpine,No recommendation
nginx-1.18-alpine,AutoPatch,True,0.86,,51,2,96.08,2,6,29,12,4,0,1,1,0,9.06,24.76,True,nginx:1.18-alpine,nginx:stable-alpine,alpine,os=alpine
nginx-1.21,Scan-Only,True,6.66,,581,581,0.0,0,26,137,228,179,26,137,228,179,54.12,54.12,False,nginx:1.21,,debian,
nginx-1.21,Naive-Latest,True,6.57,,581,155,73.32,11,26,137,228,179,0,4,23,126,54.12,60.03,False,nginx:1.21,,debian,
nginx-1.21,Copacetic,False,0.28,COPA_FAILURE,581,581,0.0,0,26,137,228,179,26,137,228,179,54.12,0.0,False,nginx:1.21,,debian,"Copa error: time=""2026-03-28T07:10:37Z"" level=info msg=""Starting in single image patching mode...""
Patching: linux/amd64 -> docker.io/library/v3-nginx-1.21-orig:v"
nginx-1.21,Docker-Scout,False,0.0,SCOUT_NO_REC,581,581,0.0,0,26,137,228,179,26,137,228,179,54.12,0.0,False,nginx:1.21,,debian,No recommendation
nginx-1.21,AutoPatch,True,3.51,,581,2,99.66,1,26,137,228,179,0,1,1,0,54.12,24.76,True,nginx:1.21,nginx:stable-alpine,debian,os=debian
nginx-1.24,Scan-Only,True,7.08,,389,389,0.0,0,13,75,123,167,13,75,123,167,54.4,54.4,False,nginx:1.24,,debian,
nginx-1.24,Naive-Latest,True,0.84,,389,155,60.15,11,13,75,123,167,0,4,23,126,54.4,60.03,False,nginx:1.24,,debian,
nginx-1.24,Copacetic,False,0.2,COPA_FAILURE,389,389,0.0,0,13,75,123,167,13,75,123,167,54.4,0.0,False,nginx:1.24,,debian,"Copa error: time=""2026-03-28T07:11:16Z"" level=info msg=""Starting in single image patching mode...""
Patching: linux/amd64 -> docker.io/library/v3-nginx-1.24-orig:v"
nginx-1.24,Docker-Scout,False,0.0,SCOUT_NO_REC,389,389,0.0,0,13,75,123,167,13,75,123,167,54.4,0.0,False,nginx:1.24,,debian,No recommendation
nginx-1.24,AutoPatch,True,0.95,,389,2,99.49,1,13,75,123,167,0,1,1,0,54.4,24.76,True,nginx:1.24,nginx:stable-alpine,debian,os=debian
node-12,Scan-Only,True,126.4,,582,582,0.0,0,19,242,132,188,19,242,132,188,336.68,336.68,False,node:12,,debian,
node-12,Naive-Latest,True,140.74,,582,2127,-265.46,1018,19,242,132,188,33,240,854,988,336.68,391.06,False,node:12,,debian,
node-12,Copacetic,False,0.48,COPA_FAILURE,582,582,0.0,0,19,242,132,188,19,242,132,188,336.68,0.0,False,node:12,,debian,"Copa error: time=""2026-03-28T07:17:13Z"" level=info msg=""Starting in single image patching mode...""
Patching: linux/amd64 -> docker.io/library/v3-node-12-orig:v3-n"
node-12,Docker-Scout,False,0.0,SCOUT_NO_REC,582,582,0.0,0,19,242,132,188,19,242,132,188,336.68,0.0,False,node:12,,debian,No recommendation
node-12,AutoPatch,True,30.06,,582,65,88.83,12,19,242,132,188,4,32,22,7,336.68,30.28,True,node:12,node:12-alpine,debian,os=debian
node-14,Scan-Only,True,119.81,,1449,1449,0.0,0,22,573,755,95,22,573,755,95,334.97,334.97,False,node:14,,debian,
node-14,Naive-Latest,True,1.36,,1449,2127,-46.79,1005,22,573,755,95,33,240,854,988,334.97,391.06,False,node:14,,debian,
node-14,Copacetic,False,0.36,COPA_FAILURE,1449,1449,0.0,0,22,573,755,95,22,573,755,95,334.97,0.0,False,node:14,,debian,"Copa error: time=""2026-03-28T07:22:27Z"" level=info msg=""Starting in single image patching mode...""
Patching: linux/amd64 -> docker.io/library/v3-node-14-orig:v3-n"
node-14,Docker-Scout,False,0.0,SCOUT_NO_REC,1449,1449,0.0,0,22,573,755,95,22,573,755,95,334.97,0.0,False,node:14,,debian,No recommendation
node-14,AutoPatch,True,27.92,,1449,106,92.68,25,22,573,755,95,3,32,58,13,334.97,42.51,True,node:14,node:14-alpine,debian,os=debian
node-14-alpine,Scan-Only,True,2.2,,95,95,0.0,0,3,28,56,8,3,28,56,8,40.93,40.93,False,node:14-alpine,,alpine,
node-14-alpine,Naive-Latest,True,2.35,,95,2116,-2127.37,1028,3,28,56,8,33,236,852,983,40.93,389.0,False,node:14-alpine,,alpine,
node-14-alpine,Copacetic,False,0.22,COPA_FAILURE,95,95,0.0,0,3,28,56,8,3,28,56,8,40.93,0.0,False,node:14-alpine,,alpine,"Copa error: time=""2026-03-28T07:25:33Z"" level=info msg=""Starting in single image patching mode...""
Patching: linux/amd64 -> docker.io/library/v3-node-14-alpine-or"
node-14-alpine,Docker-Scout,False,0.0,SCOUT_NO_REC,95,95,0.0,0,3,28,56,8,3,28,56,8,40.93,0.0,False,node:14-alpine,,alpine,No recommendation
node-14-alpine,AutoPatch,True,0.74,,95,95,0.0,0,3,28,56,8,3,28,56,8,40.93,40.93,False,node:14-alpine,node:14-alpine,alpine,os=alpine
node-16,Scan-Only,True,105.42,,1024,1024,0.0,0,16,386,538,82,16,386,538,82,334.99,334.99,False,node:16,,debian,
node-16,Naive-Latest,True,164.25,,1024,2126,-107.62,1005,16,386,538,82,33,239,854,988,334.99,391.47,False,node:16,,debian,
node-16,Copacetic,False,0.35,COPA_FAILURE,1024,1024,0.0,0,16,386,538,82,16,386,538,82,334.99,0.0,False,node:16,,debian,"Copa error: time=""2026-03-28T07:31:30Z"" level=info msg=""Starting in single image patching mode...""
Patching: linux/amd64 -> docker.io/library/v3-node-16-orig:v3-n"
node-16,Docker-Scout,False,0.0,SCOUT_NO_REC,1024,1024,0.0,0,16,386,538,82,16,386,538,82,334.99,0.0,False,node:16,,debian,No recommendation
node-16,AutoPatch,True,27.74,,1024,72,92.97,13,16,386,538,82,0,26,31,15,334.99,42.63,True,node:16,node:16-alpine,debian,os=debian
node-16-slim,Scan-Only,True,20.47,,128,128,0.0,0,2,54,52,18,2,54,52,18,62.16,62.16,False,node:16-slim,,debian,
node-16-slim,Naive-Latest,True,2.24,,128,2116,-1553.12,1025,2,54,52,18,33,236,852,983,62.16,389.0,False,node:16-slim,,debian,
node-16-slim,Copacetic,False,0.2,COPA_FAILURE,128,128,0.0,0,2,54,52,18,2,54,52,18,62.16,0.0,False,node:16-slim,,debian,"Copa error: time=""2026-03-28T07:34:54Z"" level=info msg=""Starting in single image patching mode...""
Patching: linux/amd64 -> docker.io/library/v3-node-16-slim-orig"
node-16-slim,Docker-Scout,False,0.0,SCOUT_NO_REC,128,128,0.0,0,2,54,52,18,2,54,52,18,62.16,0.0,False,node:16-slim,,debian,No recommendation
node-16-slim,AutoPatch,True,2.45,,128,62,51.56,17,2,54,52,18,0,23,29,10,62.16,40.42,True,node:16-slim,node:16-alpine,debian,os=debian
node-18,Scan-Only,True,102.27,,4065,4065,0.0,0,179,902,1926,1035,179,902,1926,1035,379.36,379.36,False,node:18,,debian,
node-18,Naive-Latest,True,6.43,,4065,2126,47.7,0,179,902,1926,1035,33,239,854,988,379.36,391.47,False,node:18,,debian,
node-18,Copacetic,False,0.54,COPA_FAILURE,4065,4065,0.0,0,179,902,1926,1035,179,902,1926,1035,379.36,0.0,False,node:18,,debian,"Copa error: time=""2026-03-28T07:38:23Z"" level=info msg=""Starting in single image patching mode...""
Patching: linux/amd64 -> docker.io/library/v3-node-18-orig:v3-n"
node-18,Docker-Scout,False,0.0,SCOUT_NO_REC,4065,4065,0.0,0,179,902,1926,1035,179,902,1926,1035,379.36,0.0,False,node:18,,debian,No recommendation
node-18,AutoPatch,True,59.75,,4065,55,98.65,5,179,902,1926,1035,2,18,23,12,379.36,45.31,True,node:18,node:18-alpine,debian,os=debian
node-18-bullseye,Scan-Only,True,119.51,,4529,4529,0.0,0,180,929,2160,1239,180,929,2160,1239,351.28,351.28,False,node:18-bullseye,,debian,
node-18-bullseye,Naive-Latest,True,1.03,,4529,2116,53.28,228,180,929,2160,1239,33,236,852,983,351.28,389.0,False,node:18-bullseye,,debian,
node-18-bullseye,Copacetic,False,0.53,COPA_FAILURE,4529,4529,0.0,0,180,929,2160,1239,180,929,2160,1239,351.28,0.0,False,node:18-bullseye,,debian,"Copa error: time=""2026-03-28T07:44:18Z"" level=info msg=""Starting in single image patching mode...""
Patching: linux/amd64 -> docker.io/library/v3-node-18-bullseye-"
node-18-bullseye,Docker-Scout,False,0.0,SCOUT_NO_REC,4529,4529,0.0,0,180,929,2160,1239,180,929,2160,1239,351.28,0.0,False,node:18-bullseye,,debian,No recommendation
node-18-bullseye,AutoPatch,True,19.23,,4529,45,99.01,7,180,929,2160,1239,2,15,21,7,351.28,42.85,True,node:18-bullseye,node:18-alpine,debian,os=debian
node-20,Scan-Only,True,25.37,,2139,2139,0.0,0,33,250,854,990,33,250,854,990,382.35,382.35,False,node:20,,debian,
node-20,Naive-Latest,True,7.46,,2139,2126,0.61,0,33,250,854,990,33,239,854,988,382.35,391.47,False,node:20,,debian,
node-20,Copacetic,False,35.12,COPA_RESCAN_FAILED,2139,2139,0.0,0,33,250,854,990,33,250,854,990,382.35,0.0,False,node:20,,debian,Copa patched but Trivy re-scan failed — not counted as success
node-20,Docker-Scout,False,0.0,SCOUT_NO_REC,2139,2139,0.0,0,33,250,854,990,33,250,854,990,382.35,0.0,False,node:20,,debian,No recommendation
node-20,AutoPatch,True,25.79,,2139,25,98.83,1,33,250,854,990,0,15,3,7,382.35,48.59,True,node:20,node:20-alpine,debian,os=debian
openjdk-11,Scan-Only,False,0.0,IMAGE_NOT_FOUND,0,0,0.0,0,0,0,0,0,0,0,0,0,0.0,0.0,False,openjdk:11,,,Original build failed: IMAGE_NOT_FOUND
openjdk-11,Naive-Latest,False,0.0,IMAGE_NOT_FOUND,0,0,0.0,0,0,0,0,0,0,0,0,0,0.0,0.0,False,openjdk:11,,,Original build failed: IMAGE_NOT_FOUND
openjdk-11,Copacetic,False,0.0,IMAGE_NOT_FOUND,0,0,0.0,0,0,0,0,0,0,0,0,0,0.0,0.0,False,openjdk:11,,,Original build failed: IMAGE_NOT_FOUND
openjdk-11,Docker-Scout,False,0.0,IMAGE_NOT_FOUND,0,0,0.0,0,0,0,0,0,0,0,0,0,0.0,0.0,False,openjdk:11,,,Original build failed: IMAGE_NOT_FOUND
openjdk-11,AutoPatch,False,0.0,IMAGE_NOT_FOUND,0,0,0.0,0,0,0,0,0,0,0,0,0,0.0,0.0,False,openjdk:11,,,Original build failed: IMAGE_NOT_FOUND
openjdk-17,Scan-Only,False,0.0,IMAGE_NOT_FOUND,0,0,0.0,0,0,0,0,0,0,0,0,0,0.0,0.0,False,openjdk:17,,,Original build failed: IMAGE_NOT_FOUND
openjdk-17,Naive-Latest,False,0.0,IMAGE_NOT_FOUND,0,0,0.0,0,0,0,0,0,0,0,0,0,0.0,0.0,False,openjdk:17,,,Original build failed: IMAGE_NOT_FOUND
openjdk-17,Copacetic,False,0.0,IMAGE_NOT_FOUND,0,0,0.0,0,0,0,0,0,0,0,0,0,0.0,0.0,False,openjdk:17,,,Original build failed: IMAGE_NOT_FOUND
openjdk-17,Docker-Scout,False,0.0,IMAGE_NOT_FOUND,0,0,0.0,0,0,0,0,0,0,0,0,0,0.0,0.0,False,openjdk:17,,,Original build failed: IMAGE_NOT_FOUND
openjdk-17,AutoPatch,False,0.0,IMAGE_NOT_FOUND,0,0,0.0,0,0,0,0,0,0,0,0,0,0.0,0.0,False,openjdk:17,,,Original build failed: IMAGE_NOT_FOUND
openjdk-8,Scan-Only,False,0.0,IMAGE_NOT_FOUND,0,0,0.0,0,0,0,0,0,0,0,0,0,0.0,0.0,False,openjdk:8,,,Original build failed: IMAGE_NOT_FOUND
openjdk-8,Naive-Latest,False,0.0,IMAGE_NOT_FOUND,0,0,0.0,0,0,0,0,0,0,0,0,0,0.0,0.0,False,openjdk:8,,,Original build failed: IMAGE_NOT_FOUND
openjdk-8,Copacetic,False,0.0,IMAGE_NOT_FOUND,0,0,0.0,0,0,0,0,0,0,0,0,0,0.0,0.0,False,openjdk:8,,,Original build failed: IMAGE_NOT_FOUND
openjdk-8,Docker-Scout,False,0.0,IMAGE_NOT_FOUND,0,0,0.0,0,0,0,0,0,0,0,0,0,0.0,0.0,False,openjdk:8,,,Original build failed: IMAGE_NOT_FOUND
openjdk-8,AutoPatch,False,0.0,IMAGE_NOT_FOUND,0,0,0.0,0,0,0,0,0,0,0,0,0,0.0,0.0,False,openjdk:8,,,Original build failed: IMAGE_NOT_FOUND
php-7.4,Scan-Only,True,18.15,,6014,6014,0.0,0,20,1283,3807,884,20,1283,3807,884,158.71,158.71,False,php:7.4,,debian,
php-7.4,Naive-Latest,True,71.34,,6014,796,86.76,103,20,1283,3807,884,0,38,156,594,158.71,180.12,False,php:7.4,,debian,
php-7.4,Copacetic,False,0.75,COPA_FAILURE,6014,6014,0.0,0,20,1283,3807,884,20,1283,3807,884,158.71,0.0,False,php:7.4,,debian,"Copa error: time=""2026-03-28T07:54:35Z"" level=info msg=""Starting in single image patching mode...""
Patching: linux/amd64 -> docker.io/library/v3-php-7.4-orig:v3-p"
php-7.4,Docker-Scout,False,0.0,SCOUT_NO_REC,6014,6014,0.0,0,20,1283,3807,884,20,1283,3807,884,158.71,0.0,False,php:7.4,,debian,No recommendation
php-7.4,AutoPatch,True,4.22,,6014,80,98.67,6,20,1283,3807,884,4,29,43,4,158.71,28.68,True,php:7.4,php:7.4-alpine,debian,os=debian
php-7.4-apache,Scan-Only,True,4.85,,6212,6212,0.0,0,43,1348,3868,929,43,1348,3868,929,155.71,155.71,False,php:7.4-apache,,debian,
php-7.4-apache,Naive-Latest,True,0.82,,6212,796,87.19,102,43,1348,3868,929,0,38,156,594,155.71,180.12,False,php:7.4-apache,,debian,
php-7.4-apache,Copacetic,False,0.75,COPA_FAILURE,6212,6212,0.0,0,43,1348,3868,929,43,1348,3868,929,155.71,0.0,False,php:7.4-apache,,debian,"Copa error: time=""2026-03-28T07:55:53Z"" level=info msg=""Starting in single image patching mode...""
Patching: linux/amd64 -> docker.io/library/v3-php-7.4-apache-or"
php-7.4-apache,Docker-Scout,False,0.0,SCOUT_NO_REC,6212,6212,0.0,0,43,1348,3868,929,43,1348,3868,929,155.71,0.0,False,php:7.4-apache,,debian,No recommendation
php-7.4-apache,AutoPatch,True,1.06,,6212,6212,0.0,0,43,1348,3868,929,43,1348,3868,929,155.71,155.71,False,php:7.4-apache,php:7.4-apache,debian,os=debian
php-8.0,Scan-Only,True,60.88,,4649,4649,0.0,0,15,966,2828,820,15,966,2828,820,159.82,159.82,False,php:8.0,,debian,
php-8.0,Naive-Latest,True,68.48,,4649,796,82.88,103,15,966,2828,820,0,38,156,594,159.82,180.12,False,php:8.0,,debian,
php-8.0,Copacetic,False,0.66,COPA_FAILURE,4649,4649,0.0,0,15,966,2828,820,15,966,2828,820,159.82,0.0,False,php:8.0,,debian,"Copa error: time=""2026-03-28T07:59:40Z"" level=info msg=""Starting in single image patching mode...""
Patching: linux/amd64 -> docker.io/library/v3-php-8.0-orig:v3-p"
php-8.0,Docker-Scout,False,0.0,SCOUT_NO_REC,4649,4649,0.0,0,15,966,2828,820,15,966,2828,820,159.82,0.0,False,php:8.0,,debian,No recommendation
php-8.0,AutoPatch,True,12.31,,4649,13,99.72,2,15,966,2828,820,0,4,9,0,159.82,31.23,True,php:8.0,php:8.0-alpine,debian,os=debian
php-8.0-fpm,Scan-Only,True,8.48,,4649,4649,0.0,0,15,966,2828,820,15,966,2828,820,152.78,152.78,False,php:8.0-fpm,,debian,
php-8.0-fpm,Naive-Latest,True,1.0,,4649,796,82.88,103,15,966,2828,820,0,38,156,594,152.78,180.12,False,php:8.0-fpm,,debian,
php-8.0-fpm,Copacetic,False,0.67,COPA_FAILURE,4649,4649,0.0,0,15,966,2828,820,15,966,2828,820,152.78,0.0,False,php:8.0-fpm,,debian,"Copa error: time=""2026-03-28T08:03:05Z"" level=info msg=""Starting in single image patching mode...""
Patching: linux/amd64 -> docker.io/library/v3-php-8.0-fpm-orig:"
php-8.0-fpm,Docker-Scout,False,0.0,SCOUT_NO_REC,4649,4649,0.0,0,15,966,2828,820,15,966,2828,820,152.78,0.0,False,php:8.0-fpm,,debian,No recommendation
php-8.0-fpm,AutoPatch,True,3.71,,4649,13,99.72,2,15,966,2828,820,0,4,9,0,152.78,27.69,True,php:8.0-fpm,php:8.0-fpm-alpine,debian,os=debian
php-8.1,Scan-Only,True,43.13,,1468,1468,0.0,0,3,118,715,615,3,118,715,615,170.62,170.62,False,php:8.1,,debian,
php-8.1,Naive-Latest,True,0.91,,1468,796,45.78,0,3,118,715,615,0,38,156,594,170.62,180.12,False,php:8.1,,debian,
php-8.1,Copacetic,False,0.28,COPA_FAILURE,1468,1468,0.0,0,3,118,715,615,3,118,715,615,170.62,0.0,False,php:8.1,,debian,"Copa error: time=""2026-03-28T08:05:09Z"" level=info msg=""Starting in single image patching mode...""
Patching: linux/amd64 -> docker.io/library/v3-php-8.1-orig:v3-p"
php-8.1,Docker-Scout,False,0.0,SCOUT_NO_REC,1468,1468,0.0,0,3,118,715,615,3,118,715,615,170.62,0.0,False,php:8.1,,debian,No recommendation
php-8.1,AutoPatch,True,16.51,,1468,37,97.48,2,3,118,715,615,3,6,25,3,170.62,34.01,True,php:8.1,php:8.1-alpine,debian,os=debian
php-8.1-alpine,Scan-Only,True,0.84,,37,37,0.0,0,3,6,25,3,3,6,25,3,34.01,34.01,False,php:8.1-alpine,,alpine,
php-8.1-alpine,Naive-Latest,True,0.8,,37,796,-2051.35,365,3,6,25,3,0,38,156,594,34.01,180.12,False,php:8.1-alpine,,alpine,
php-8.1-alpine,Copacetic,False,0.16,COPA_FAILURE,37,37,0.0,0,3,6,25,3,3,6,25,3,34.01,0.0,False,php:8.1-alpine,,alpine,"Copa error: time=""2026-03-28T08:06:46Z"" level=info msg=""Starting in single image patching mode...""
Patching: linux/amd64 -> docker.io/library/v3-php-8.1-alpine-or"
php-8.1-alpine,Docker-Scout,False,0.0,SCOUT_NO_REC,37,37,0.0,0,3,6,25,3,3,6,25,3,34.01,0.0,False,php:8.1-alpine,,alpine,No recommendation
php-8.1-alpine,AutoPatch,True,0.83,,37,37,0.0,0,3,6,25,3,3,6,25,3,34.01,34.01,False,php:8.1-alpine,php:8.1-alpine,alpine,os=alpine
php-8.2,Scan-Only,True,41.67,,796,796,0.0,0,0,38,156,594,0,38,156,594,171.35,171.35,False,php:8.2,,debian,
php-8.2,Naive-Latest,True,0.89,,796,796,0.0,0,0,38,156,594,0,38,156,594,171.35,180.12,False,php:8.2,,debian,
php-8.2,Copacetic,False,10.9,COPA_RESCAN_FAILED,796,796,0.0,0,0,38,156,594,0,38,156,594,171.35,0.0,False,php:8.2,,debian,Copa patched but Trivy re-scan failed — not counted as success
php-8.2,Docker-Scout,False,0.0,SCOUT_NO_REC,796,796,0.0,0,0,38,156,594,0,38,156,594,171.35,0.0,False,php:8.2,,debian,No recommendation
php-8.2,AutoPatch,True,4.63,,796,2,99.75,1,0,38,156,594,0,1,1,0,171.35,35.19,True,php:8.2,php:8.2-alpine,debian,os=debian
postgres-11,Scan-Only,True,25.71,,202,202,0.0,0,8,85,59,50,8,85,59,50,102.49,102.49,False,postgres:11,,debian,
postgres-11,Naive-Latest,True,52.43,,202,163,19.31,55,8,85,59,50,1,12,25,125,102.49,154.78,False,postgres:11,,debian,
postgres-11,Copacetic,False,0.23,COPA_FAILURE,202,202,0.0,0,8,85,59,50,8,85,59,50,102.49,0.0,False,postgres:11,,debian,"Copa error: time=""2026-03-28T08:10:59Z"" level=info msg=""Starting in single image patching mode...""
Patching: linux/amd64 -> docker.io/library/v3-postgres-11-orig:"
postgres-11,Docker-Scout,False,0.0,SCOUT_NO_REC,202,202,0.0,0,8,85,59,50,8,85,59,50,102.49,0.0,False,postgres:11,,debian,No recommendation
postgres-11,AutoPatch,True,14.48,,202,21,89.6,2,8,85,59,50,1,6,13,1,102.49,105.95,True,postgres:11,postgres:17-alpine,debian,os=debian
